link,title
/sby/npo/5701891961.html,Family Specialist (Bilingual in Spanish Preferred)
/pen/npo/5701843768.html,Senior Service Coordinator
/sfc/npo/5701794278.html,Lifeguard (Indoor Pool)
/nby/npo/5701787782.html,SANTA ROSA SYMPHONY YOUTH ENSEMBLES MANAGER
/scz/npo/5701742592.html,â˜†This Civil Rights Activist is asking everyone to do JUST ONE THING!
/eby/npo/5701739711.html,â˜…This Civil Rights Activist is asking everyone to do JUST ONE THING!
/nby/npo/5701736118.html,Full Time Counselor- Progress Place
/sfc/npo/5701726394.html,The San Francisco Symphony- Music is our life's work.
/sfc/npo/5701726308.html,Project Manager for Small Properties
/nby/npo/5701699150.html,DIRECTOR OF PROGRAMS - SPIRIT ROCK MEDITATION CENTER
/nby/npo/5701673526.html,AmeriCorps-Habitat for Humanity-Construction Crew Leader
/eby/npo/5701652406.html,Work for Amnesty International! Help Protect Human Rights!!!
/sby/npo/5701642882.html,Assistant Property Manager - 98 units (TCAC+HUD Site)
/pen/npo/5701612856.html,After School Program Site Coordinator
/nby/npo/5701577667.html,Animal Care Technician
/sby/npo/5701495217.html,INSPIRE PEOPLE to CHANGE THE WORLD and GET PAID $15/HR to do it
/scz/npo/5701490065.html,INSPIRE PEOPLE to CHANGE THE WORLD and GET PAID $15/HR to do it
/sfc/npo/5701483839.html,â˜® WORK FOR GREENPEACE â˜® $15/hr + Bonus & Benefits!
/eby/npo/5701220628.html,Program Coordinator - The Bridge Program
/pen/npo/5701153669.html,Supported Housing Coordinator
/pen/npo/5701127331.html,Case Manager - Clinical supervision available for BBS interns
/pen/npo/5701125335.html,Counselor
/eby/npo/5701103242.html,Custodian
/eby/npo/5700957531.html,PAID INTERNSHIP! OUTGOING and ORGANIZED! Help End Bay Area Poverty!
/eby/npo/5700916686.html,Family Coach-I-HOT-Bridges to Recovery
/pen/npo/5700852572.html,Overnight Child Care Team Member
/pen/npo/5700834230.html,Older Adult Program Coordinator
/nby/npo/5700816063.html,Compliance Associate
/eby/npo/5700800768.html,Pariente Profesional - Professional Parent: Work directly with youth!
/eby/npo/5700787001.html,Clinical Supervisor - Children's Mental Health Agency
/sfc/npo/5700785390.html,Human Resources and Operations Manager
/scz/npo/5700781784.html,Counselor
/eby/npo/5700780033.html,PsicÃ³logo Escolar - School Psychologist
/eby/npo/5700771258.html,Terapeuta BilingÃ¼e Escolar - Bilingual Classroom Therapist
/sby/npo/5700770203.html,Clinico de Apoyo y Servicios Mejorados: Support/Enhancement Clinician
/sfc/npo/5700751847.html,Clinico BilingÃ¼e - Bilingual Wraparound Clinician: Support youth!
/sfc/npo/5700748811.html,Consejero Juvenil - Youth Counselor: Support youth and families!
/sfc/npo/5700746839.html,Child Care Worker - Bilingual (English/Spanish)
/sfc/npo/5700746309.html,Cook/Food Service Manager (Full-time)
/sfc/npo/5700745492.html,Child Care Worker
/eby/npo/5700743746.html,Program Assistant/ Health Information Specialist - Nonprofit
/sby/npo/5700738234.html,Family Specialist (Part Time)
/sby/npo/5700715170.html,Clinician
/nby/npo/5700713639.html,AmeriCorps VIP Fellow and Work With a Local Non-Profit!
/nby/npo/5700710963.html,AmeriCorps VIP Fellow and Work With a Local Non-Profit!
/scz/npo/5700691520.html,â˜†BUILD YOUR RESUME: CAMPAIGN JOBS TO ADVANCE EQUALITY - $5600-$8300
/eby/npo/5700688768.html,â˜…BUILD YOUR RESUME: CAMPAIGN JOBS TO ADVANCE EQUALITY - $13-$17/hr
/eby/npo/5700675323.html,Program Coordinator
/eby/npo/5700671610.html,Case Manager
/sby/npo/5700667622.html,Clinical Program Manager
/sby/npo/5700647012.html,Family Partner I
/eby/npo/5700641068.html,Administrative Assistant for George Miller Center in Concord
/sby/npo/5700629425.html,Family Specialist (Bilingual in Spanish Preferred)
/eby/npo/5700623762.html,â˜…SEEKING MOTIVATED FIELD STAFF TO BUILD SUPPORT FOR ANTI-HATE NPOâ˜…
/pen/npo/5700623328.html,Employment Specialist
/eby/npo/5700608316.html,Employment Specialist
/eby/npo/5700604970.html,Housing Case Manager
/nby/npo/5700601592.html,GRANT WRITER / RESEARCH ASSISTANT
/sby/npo/5700598693.html,Facilitator (Bilingual in Spanish Preferred)
/scz/npo/5700588460.html,Administrative Assistant / Front Office
/pen/npo/5700568808.html,School Operations and Technology Associate - Mountain View (Part time)
/eby/npo/5700562566.html,STAT Relief Support Counselor - Daytime/Weekend Availability
/eby/npo/5700560222.html,Sunday & Thursday Teacher(s) needed
/sfc/npo/5700557937.html,Facilities and Operations Director
/sfc/npo/5700503898.html,Development/Capital Campaign Assistant
/pen/npo/5700497055.html,Residential Assistant
/eby/npo/5700496191.html,Teacher's Aid
/eby/npo/5700483015.html,Clinical Supervisor - Outpatient/Training Program
/eby/npo/5700475682.html,Children's Assessment Center Milieu Supervisor
/pen/npo/5700474051.html,Bilingual Family Resource Coordinator
/sfc/npo/5700461986.html,"Special Events, Sales/Catering"
/sby/npo/5700394662.html,Social Worker -- LGBT Program (Bilingual)
/sfc/npo/5700362687.html,Center Coordinator
/eby/npo/5700353259.html,Case Manager/ Program Coordinator
/eby/npo/5700343511.html,Clinical Case Manager - RAFA
/sfc/npo/5700328895.html,Part Time House Social Worker - LCSW
/sfc/npo/5700328061.html,Relief Upnight Residential Counselor
/scz/npo/5700318679.html,Administrative Assistant - Arts Organization
/nby/npo/5700294979.html,Supported Living Skills Instructor / Care Provider
/eby/npo/5700292159.html,Staff Therapist
/sfc/npo/5700261979.html,Field Trip Explainer I - Exploratorium
/eby/npo/5700214576.html,ðŸ’ª Join the Fight for California's WaterðŸ’§ ($14-$16/hr)
/eby/npo/5700191664.html,Dog Trainer (Part-time)
/sby/npo/5700183955.html,Make a living while making a difference
/eby/npo/5700177316.html,Animal Behavior & Training Specialist
/sfc/npo/5700164223.html,Maintenance Technician (Crescent Cove)
/eby/npo/5700160399.html,Entry Level Nonprofit Fundraising Position - Avg of $10-$15/hour
/eby/npo/5700146632.html,"Director, Wellness & Home Health"
/eby/npo/5700131805.html,On CALL Direct Support Professional/Community Living Assistant
/eby/npo/5700128570.html,Per Diem Youth Shelter Advocate - Evening & Overnight Shifts
/eby/npo/5700126422.html,Youth Shelter Advocate - Part-Time Overnight and Evening Shifts
/eby/npo/5700124232.html,Youth Shelter Advocate - Full-time Overnight & Evening Shifts
/eby/npo/5700123527.html,Start at $14.50/hour Direct Support Proffesional/Comm. Liv. Assistant
/eby/npo/5700116197.html,Free Rent! Seeking Compassionate Live-In Aide in Livermore Area
/nby/npo/5700089430.html,Substance Abuse Counselor
/scz/npo/5699985595.html,â˜†EQUALITY CAMPAIGN JOBS W/ADVANCEMENT OPPORTUNITIES - $5600-$8300
/eby/npo/5699981986.html,â˜…EQUALITY CAMPAIGN JOBS W/ADVANCEMENT OPPORTUNITIES - $13-$17/hour
/sfc/npo/5699969653.html,Economic and Workforce Development Program Manager
/eby/npo/5699963321.html,ON-CALL MENTAL HEALTH COUNSELOR FOR 24-HR RESIDENTIAL PROGRAM
/sfc/npo/5699944454.html,Residential Counselor - Day & Swing Shifts
